track_name,artist(s)_name,artist_count,album,explicit,popularity,release_date,streams,duration_in_min,bpm,key,mode,danceability_%,valence_%,energy_%,acousticness_%,instrumentalness_%,liveness_%,speechiness_%
3D (feat. Jack Harlow),"Jung Kook, Jack Harlow",2,GOLDEN,True,85,2023-11-03,,3.3635333333333333,108,C#,Major,86,89,83,4,0,9,11
Closer to You (feat. Major Lazer),"Jung Kook, Major Lazer",2,GOLDEN,False,86,2023-11-03,,2.8499166666666667,113,D,Minor,79,50,66,12,1,11,5
Seven (feat. Latto) (Explicit Ver.),"Jung Kook, Latto",2,GOLDEN,True,87,2023-11-03,,3.0591833333333334,124,B,Major,79,88,84,32,0,8,5
Standing Next to You,Jung Kook,1,GOLDEN,False,96,2023-11-03,,3.433666666666667,106,D,Minor,72,82,81,5,0,34,10
Yes or No,Jung Kook,1,GOLDEN,False,88,2023-11-03,,2.4592833333333335,83,C#,Major,68,89,84,18,0,8,9
Please Don't Change (feat. DJ Snake),"Jung Kook, DJ Snake",2,GOLDEN,False,87,2023-11-03,,2.44475,114,B,Major,80,77,75,17,1,17,18
Hate You,Jung Kook,1,GOLDEN,False,88,2023-11-03,,2.5706166666666665,79,D,Major,42,25,28,87,0,10,4
Somebody,Jung Kook,1,GOLDEN,False,86,2023-11-03,,2.81,106,C#,Minor,65,26,68,29,0,14,5
Too Sad to Dance,Jung Kook,1,GOLDEN,False,86,2023-11-03,,2.9318666666666666,100,A#,Major,56,57,47,62,0,11,9
Shot Glass of Tears,Jung Kook,1,GOLDEN,False,86,2023-11-03,,2.78745,77,F#,Minor,51,17,40,51,0,9,4
Seven (feat. Latto) (Clean Ver.),"Jung Kook, Latto",2,GOLDEN,False,83,2023-11-03,,3.0591833333333334,124,C#,Minor,79,90,83,28,0,8,5
SORRY,The Kid LAROI,1,THE FIRST TIME,True,74,2023-11-10,,3.2108,79,B,Minor,46,27,83,25,0,38,9
BLEED,The Kid LAROI,1,THE FIRST TIME,False,71,2023-11-10,,2.8331666666666666,174,A#,Minor,57,67,42,65,0,19,3
I THOUGHT THAT I NEEDED YOU,The Kid LAROI,1,THE FIRST TIME,True,71,2023-11-10,,2.8536166666666665,80,F,Major,59,50,73,1,0,13,12
WHERE DO YOU SLEEP?,The Kid LAROI,1,THE FIRST TIME,True,69,2023-11-10,,3.205233333333333,89,A,Major,36,40,61,4,0,36,6
TOO MUCH,"The Kid LAROI, Jung Kook, Central Cee",3,THE FIRST TIME,True,70,2023-11-10,,3.39825,94,A#,Minor,76,48,72,27,0,16,20
TEAR ME APART,The Kid LAROI,1,THE FIRST TIME,False,68,2023-11-10,,1.9151333333333334,94,D,Major,65,69,50,77,0,20,7
STRANGERS (Interlude),The Kid LAROI,1,THE FIRST TIME,False,31,2023-11-10,,0.43293333333333334,68,G,Major,28,48,56,97,97,78,91
NIGHTS LIKE THIS,The Kid LAROI,1,THE FIRST TIME,False,68,2023-11-10,,1.4497333333333333,142,F#,Major,49,12,76,2,1,15,4
WHAT'S THE MOVE? (feat. Future and BabyDrill),"The Kid LAROI, Future, BabyDrill",3,THE FIRST TIME,True,68,2023-11-10,,3.3257833333333333,144,C#,Major,53,15,56,4,0,38,8
STRANGERS PT 2 (Interlude),The Kid LAROI,1,THE FIRST TIME,False,63,2023-11-10,,0.7250333333333333,98,C#,Major,50,44,28,99,0,26,14
CALL ME INSTEAD (feat. Youngboy Never Broke Again & Robert Glasper),"The Kid LAROI, YoungBoy Never Broke Again, Robert Glasper",3,THE FIRST TIME,True,67,2023-11-10,,3.2963666666666667,92,C#,Major,65,25,41,95,1,23,3
DESERVE YOU,The Kid LAROI,1,THE FIRST TIME,True,67,2023-11-10,,2.6262166666666666,137,B,Major,60,49,62,37,1,54,6
WHAT WENT WRONG???,The Kid LAROI,1,THE FIRST TIME,True,67,2023-11-10,,2.6233833333333334,77,D,Major,56,34,58,4,0,17,9
THE LINE (feat. d4vd),"The Kid LAROI, d4vd",2,THE FIRST TIME,False,68,2023-11-10,,2.5342,91,G,Minor,67,69,36,84,0,32,5
WHAT JUST HAPPENED,The Kid LAROI,1,THE FIRST TIME,True,67,2023-11-10,,2.712083333333333,170,A#,Major,59,48,59,9,0,35,5
YOU,The Kid LAROI,1,THE FIRST TIME,True,66,2023-11-10,,2.276116666666667,95,D,Major,71,54,62,31,0,26,3
LOVE AGAIN,The Kid LAROI,1,THE FIRST TIME,False,65,2023-11-10,,2.4411,107,B,Minor,59,37,46,45,0,12,3
WHERE DOES YOUR SPIRIT GO?,The Kid LAROI,1,THE FIRST TIME,True,64,2023-11-10,,3.4281166666666665,100,D,Major,45,36,38,56,0,16,4
YOU NEVER FORGET YOUR FIRST TIME...,The Kid LAROI,1,THE FIRST TIME,False,61,2023-11-10,,2.0811,66,A,Major,48,4,14,92,22,16,32
KIDS ARE GROWING UP,The Kid LAROI,1,THE FIRST TIME,True,63,2023-11-10,,4.342933333333334,165,C#,Minor,63,76,64,49,1,11,35
What Am I Gonna Do,Chris Stapleton,1,Higher,False,71,2023-11-10,,3.028,125,C,Major,62,45,52,39,1,11,4
South Dakota,Chris Stapleton,1,Higher,False,67,2023-11-10,,4.69755,75,A,Minor,67,63,39,5,28,31,3
Trust,Chris Stapleton,1,Higher,False,66,2023-11-10,,3.39,173,A,Major,52,54,30,74,0,21,4
It Takes A Woman,Chris Stapleton,1,Higher,False,66,2023-11-10,,4.11645,115,C,Major,58,22,15,72,1,15,5
The Fire,Chris Stapleton,1,Higher,False,66,2023-11-10,,3.75045,92,G,Minor,56,19,44,84,48,11,3
Think I'm In Love With You,Chris Stapleton,1,Higher,False,66,2023-11-10,,3.7133333333333334,91,F#,Minor,68,61,42,19,22,14,4
Loving You On My Mind,Chris Stapleton,1,Higher,False,66,2023-11-10,,3.484,133,A,Major,66,50,43,4,10,11,3
White Horse,Chris Stapleton,1,Higher,False,67,2023-11-10,,4.464883333333334,145,C#,Minor,36,23,77,1,60,11,5
Higher,Chris Stapleton,1,Higher,False,66,2023-11-10,,4.0411166666666665,122,G#,Major,52,10,22,18,17,28,4
The Bottom,Chris Stapleton,1,Higher,False,65,2023-11-10,,4.104666666666667,112,E,Major,65,64,72,2,1,11,3
The Day I Die,Chris Stapleton,1,Higher,False,64,2023-11-10,,4.099116666666666,133,A#,Major,54,24,37,11,1,8,4
Crosswind,Chris Stapleton,1,Higher,False,63,2023-11-10,,3.3986666666666667,89,G,Major,55,62,75,1,64,12,4
Weight Of Your World,Chris Stapleton,1,Higher,False,63,2023-11-10,,3.9026666666666667,77,A,Major,55,31,31,37,1,12,3
Mountains Of My Mind,Chris Stapleton,1,Higher,False,63,2023-11-10,,4.421116666666666,160,G#,Major,55,41,6,90,1,12,4
Work Boots,Cody Johnson,1,Leather,False,65,2023-11-03,,2.816883333333333,82,D,Major,64,59,68,4,0,17,5
Double Down,Cody Johnson,1,Leather,False,65,2023-11-03,,3.1573333333333333,148,C#,Major,63,24,57,5,1,11,4
Watching My Old Flame,Cody Johnson,1,Leather,False,64,2023-11-03,,3.4306666666666668,149,C,Major,46,24,52,24,1,11,3
That's Texas,Cody Johnson,1,Leather,False,63,2023-11-03,,2.7188833333333333,100,C#,Major,69,73,89,1,0,9,5
Dirt Cheap,Cody Johnson,1,Leather,False,71,2023-11-03,,3.989116666666667,120,C#,Major,62,27,51,12,0,11,4
Jesus Loves You,Cody Johnson,1,Leather,False,65,2023-11-03,,4.856,139,G,Major,55,29,79,2,0,10,5
Whiskey Bent (feat. Jelly Roll),"Cody Johnson, Jelly Roll",2,Leather,False,68,2023-11-03,,3.26755,79,E,Major,56,17,35,43,0,23,3
Leather,Cody Johnson,1,Leather,False,68,2023-11-03,,3.2331166666666666,159,F,Major,49,44,60,12,1,27,3
People In The Back,Cody Johnson,1,Leather,False,64,2023-11-03,,2.65,169,E,Major,52,70,85,11,0,5,9
Long Live Country Music (feat. Brooks & Dunn),"Cody Johnson, Brooks & Dunn",2,Leather,False,64,2023-11-03,,3.40555,133,G,Major,57,35,87,1,0,26,4
The Painter,Cody Johnson,1,Leather,False,66,2023-11-03,,3.52355,97,D,Major,52,27,71,5,1,11,4
Make Me A Mop,Cody Johnson,1,Leather,False,62,2023-11-03,,3.268666666666667,136,D,Major,65,54,19,91,0,11,4
Angel Numbers / Ten Toes,Chris Brown,1,11:11,True,73,2023-11-10,,5.114116666666667,157,E,Minor,41,10,50,20,0,18,6
Sensational (feat. Davido & Lojay),"Chris Brown, Davido, Lojay",3,11:11,True,70,2023-11-10,,3.8518166666666667,100,F#,Major,78,80,61,11,0,12,13
Press Me,Chris Brown,1,11:11,True,71,2023-11-10,,2.126933333333333,93,F,Minor,54,41,65,3,0,7,37
That's On You (feat. Future),"Chris Brown, Future",2,11:11,True,70,2023-11-10,,4.3853333333333335,177,F,Minor,48,53,73,21,0,14,21
Feel Something,Chris Brown,1,11:11,False,68,2023-11-10,,3.2006833333333335,119,G#,Major,65,18,51,2,0,12,4
Best Ever (feat. Maeta),"Chris Brown, Maeta",2,11:11,False,67,2023-11-10,,2.548566666666667,139,A,Minor,79,25,56,32,86,11,15
No One Else (feat. Fridayy),"Chris Brown, Fridayy",2,11:11,False,70,2023-11-10,,3.724683333333333,119,F#,Minor,70,30,80,6,1,13,5
Shooter,Chris Brown,1,11:11,False,68,2023-11-10,,3.510466666666667,110,A#,Minor,54,33,78,14,1,11,8
Nightmares (feat. Byron Messia),"Chris Brown, Byron Messia",2,11:11,True,67,2023-11-10,,2.5166166666666667,101,F#,Minor,65,31,47,27,0,10,18
Very Special,Chris Brown,1,11:11,False,65,2023-11-10,,3.5615666666666668,119,E,Minor,68,29,93,9,1,27,7
Messed Up,Chris Brown,1,11:11,True,66,2023-11-10,,2.8891666666666667,99,F#,Major,63,26,56,4,0,12,5
Midnight Freak,Chris Brown,1,11:11,True,65,2023-11-10,,2.7291666666666665,100,C#,Major,46,54,61,12,0,10,10
Moonlight,Chris Brown,1,11:11,False,65,2023-11-10,,3.19065,77,F,Minor,45,60,77,6,0,17,8
Bouncing / G5,Chris Brown,1,11:11,False,65,2023-11-10,,2.94285,88,G,Minor,43,17,57,20,0,13,18
Make Up Your Mind,Chris Brown,1,11:11,True,65,2023-11-10,,2.5761,151,G#,Major,70,23,54,13,0,21,9
Stutter,Chris Brown,1,11:11,True,66,2023-11-10,,2.8583333333333334,90,F,Minor,67,51,62,4,0,11,5
Need A Friend,Chris Brown,1,11:11,True,64,2023-11-10,,3.2125,159,F,Minor,64,43,64,11,0,12,5
Summer Too Hot,Chris Brown,1,11:11,True,62,2023-11-10,,3.1292666666666666,89,B,Minor,71,27,70,22,1,19,6
Feelings Don't Lie,Chris Brown,1,11:11,True,63,2023-11-10,,2.3133,90,A#,Major,61,68,60,7,0,14,18
Red Flags,Chris Brown,1,11:11,True,64,2023-11-10,,2.8066666666666666,75,F,Minor,71,48,54,10,0,14,6
Closer,Chris Brown,1,11:11,True,63,2023-11-10,,2.1953833333333335,87,E,Minor,49,22,64,4,0,12,11
Views,Chris Brown,1,11:11,True,63,2023-11-10,,2.50285,143,F,Major,72,40,54,5,0,16,9
Free Sex,YoungBoy Never Broke Again,1,Decided 2,True,62,2023-11-10,,2.9718833333333334,140,C#,Minor,71,13,54,1,1,29,5
Wrong,YoungBoy Never Broke Again,1,Decided 2,True,60,2023-11-10,,3.033933333333333,87,A,Minor,56,27,68,13,0,27,49
Bop,YoungBoy Never Broke Again,1,Decided 2,True,59,2023-11-10,,3.4037333333333333,160,G,Major,76,61,72,4,0,13,35
My Address Public,YoungBoy Never Broke Again,1,Decided 2,True,60,2023-11-10,,3.0002166666666668,160,F,Minor,58,68,79,10,0,23,20
Life N Glory,YoungBoy Never Broke Again,1,Decided 2,True,60,2023-11-10,,4.8274,86,D,Major,67,50,78,12,0,37,37
Came A Long Way,YoungBoy Never Broke Again,1,Decided 2,True,61,2023-11-10,,2.71515,109,F,Major,58,58,60,67,0,11,40
Better Than Ever (feat. Rod Wave),"YoungBoy Never Broke Again, Rod Wave",2,Decided 2,True,66,2023-11-10,,4.050633333333334,157,C,Major,64,12,66,3,0,10,27
Play With Us,YoungBoy Never Broke Again,1,Decided 2,True,59,2023-11-10,,4.450333333333333,151,F#,Minor,68,77,84,13,0,19,30
Now Who,YoungBoy Never Broke Again,1,Decided 2,True,57,2023-11-10,,3.08965,72,D#,Minor,69,56,76,3,0,11,21
My Body,YoungBoy Never Broke Again,1,Decided 2,True,57,2023-11-10,,3.1163666666666665,76,C#,Major,47,35,48,16,0,10,46
I'm A Demon,YoungBoy Never Broke Again,1,Decided 2,True,58,2023-11-10,,2.8493166666666667,145,C#,Minor,72,22,63,20,0,12,19
Choppa Gizzle,YoungBoy Never Broke Again,1,Decided 2,True,57,2023-11-10,,2.391583333333333,83,C,Minor,65,61,89,6,0,6,37
Bigger & Better,YoungBoy Never Broke Again,1,Decided 2,True,57,2023-11-10,,2.9762333333333335,85,C#,Minor,64,11,66,3,0,10,35
Guitar Hero,YoungBoy Never Broke Again,1,Decided 2,True,58,2023-11-10,,2.6666666666666665,149,C#,Major,70,35,58,11,1,17,25
Deep Down,YoungBoy Never Broke Again,1,Decided 2,True,56,2023-11-10,,3.3684166666666666,152,C,Minor,66,81,77,21,0,48,35
Guapi,YoungBoy Never Broke Again,1,Decided 2,True,57,2023-11-10,,3.158166666666667,152,C,Major,66,33,61,25,0,11,13
Freestyle,YoungBoy Never Broke Again,1,Decided 2,True,55,2023-11-10,,6.1790666666666665,145,D,Minor,62,60,77,38,0,24,10
Don't Hurt Me,YoungBoy Never Broke Again,1,Decided 2,True,57,2023-11-10,,3.5692333333333335,130,A,Major,62,36,43,16,0,13,24
MEGAVERSE,Stray Kids,1,ROCK-STAR,False,79,2023-11-10,,3.092,160,A#,Minor,62,58,73,1,1,27,13
LALALALA,Stray Kids,1,ROCK-STAR,False,83,2023-11-10,,3.0370666666666666,125,C,Major,71,61,85,7,0,66,5
BLIND SPOT,Stray Kids,1,ROCK-STAR,False,76,2023-11-10,,3.3468833333333334,196,D,Major,63,64,88,5,0,9,28
COMFLEX,Stray Kids,1,ROCK-STAR,False,76,2023-11-10,,2.872,110,A,Major,90,62,88,7,0,22,13
Cover Me,Stray Kids,1,ROCK-STAR,False,77,2023-11-10,,3.18355,173,G#,Major,47,18,76,10,0,6,6
Leave,Stray Kids,1,ROCK-STAR,False,75,2023-11-10,,3.65155,109,C#,Major,78,69,66,56,0,7,4
Social Path (Feat. LiSA) (Korean Ver.),"Stray Kids, LiSA",2,ROCK-STAR,False,73,2023-11-10,,3.2877833333333335,172,B,Minor,55,37,91,5,0,20,19
LALALALA (Rock Ver.),Stray Kids,1,ROCK-STAR,False,76,2023-11-10,,3.12645,126,C,Major,59,29,99,3,0,19,22
Maybe Man,AJR,1,The Maybe Man,True,68,2023-11-10,,3.6682166666666665,144,E,Major,47,38,50,62,0,36,5
Touchy Feely Fool,AJR,1,The Maybe Man,True,69,2023-11-10,,3.5833333333333335,75,D,Major,29,62,76,13,0,33,14
Yes I'm A Mess,AJR,1,The Maybe Man,True,65,2023-11-10,,2.74955,92,D,Minor,74,45,63,4,0,11,7
The Dumb Song,AJR,1,The Maybe Man,True,63,2023-11-10,,3.7657833333333333,170,C,Major,50,73,74,6,1,33,6
Inertia,AJR,1,The Maybe Man,True,67,2023-11-10,,3.6822166666666667,176,C#,Major,43,62,58,4,0,35,5
Turning Out Pt. iii,AJR,1,The Maybe Man,True,64,2023-11-10,,3.8497833333333333,203,C,Major,32,42,37,72,0,16,5
Hole in the Bottom of My Brain,AJR,1,The Maybe Man,False,64,2023-11-10,,3.13155,123,E,Major,75,68,60,7,0,34,6
The DJ is Crying for Help,AJR,1,The Maybe Man,True,62,2023-11-10,,3.6586666666666665,145,D,Major,53,33,68,5,0,11,7
I Won't,AJR,1,The Maybe Man,True,61,2023-11-10,,2.8071166666666665,162,C,Major,32,49,76,2,0,40,29
Steve’s Going to London,AJR,1,The Maybe Man,True,64,2023-11-10,,4.7957833333333335,155,B,Major,40,43,70,6,0,15,17
God is Really Real,AJR,1,The Maybe Man,True,60,2023-11-10,,2.98445,134,F,Major,69,57,33,60,0,14,4
2085,AJR,1,The Maybe Man,True,64,2023-11-10,,5.525783333333333,132,A,Major,40,21,53,44,0,32,4
Bad Guy,Eminem,1,The Marshall Mathers LP2 (Expanded Edition),True,63,2023-11-03,,7.239316666666666,78,C#,Major,62,38,80,7,0,42,45
Parking Lot - Skit,Eminem,1,The Marshall Mathers LP2 (Expanded Edition),True,57,2023-11-03,,0.9223,141,F,Major,43,13,83,53,4,79,37
Rhyme Or Reason,Eminem,1,The Marshall Mathers LP2 (Expanded Edition),True,60,2023-11-03,,5.028683333333333,117,A,Major,86,60,84,13,0,6,25
So Much Better,Eminem,1,The Marshall Mathers LP2 (Expanded Edition),True,59,2023-11-03,,4.35645,84,A#,Minor,72,62,86,26,0,63,25
Survival,Eminem,1,The Marshall Mathers LP2 (Expanded Edition),True,59,2023-11-03,,4.540283333333333,176,D,Major,46,44,90,1,0,13,21
Legacy,Eminem,1,The Marshall Mathers LP2 (Expanded Edition),True,58,2023-11-03,,4.9378166666666665,164,A,Minor,67,54,90,28,0,20,48
Asshole,"Eminem, Skylar Grey",2,The Marshall Mathers LP2 (Expanded Edition),True,57,2023-11-03,,4.8164,174,C#,Major,54,49,91,48,0,79,35
Berzerk,Eminem,1,The Marshall Mathers LP2 (Expanded Edition),True,57,2023-11-03,,3.9791,95,D,Major,74,68,88,3,0,26,34
Rap God,Eminem,1,The Marshall Mathers LP2 (Expanded Edition),True,58,2023-11-03,,6.058683333333334,148,G,Major,71,63,85,40,0,80,32
Brainless,Eminem,1,The Marshall Mathers LP2 (Expanded Edition),True,56,2023-11-03,,4.775433333333333,172,A,Major,70,59,94,19,0,33,39
Stronger Than I Was,Eminem,1,The Marshall Mathers LP2 (Expanded Edition),True,55,2023-11-03,,5.60865,121,C#,Major,79,33,60,13,0,15,11
The Monster,"Eminem, Rihanna",2,The Marshall Mathers LP2 (Expanded Edition),True,57,2023-11-03,,4.169816666666667,110,C#,Minor,79,63,86,6,0,12,8
So Far...,Eminem,1,The Marshall Mathers LP2 (Expanded Edition),True,55,2023-11-03,,5.2930166666666665,98,B,Minor,86,71,94,21,0,23,37
Love Game,"Eminem, Kendrick Lamar",2,The Marshall Mathers LP2 (Expanded Edition),True,55,2023-11-03,,4.949216666666667,105,A,Major,77,71,95,36,0,59,18
Headlights,"Eminem, Nate Ruess",2,The Marshall Mathers LP2 (Expanded Edition),True,55,2023-11-03,,5.7172,146,B,Major,69,46,79,16,0,81,16
Evil Twin,Eminem,1,The Marshall Mathers LP2 (Expanded Edition),True,53,2023-11-03,,5.94745,83,E,Minor,65,78,91,6,0,9,37
Baby,Eminem,1,The Marshall Mathers LP2 (Expanded Edition),True,53,2023-11-03,,4.389316666666667,93,A,Minor,78,82,89,60,0,16,35
Desperation,"Eminem, Jamie N Commons",2,The Marshall Mathers LP2 (Expanded Edition),True,52,2023-11-03,,3.9443166666666665,143,D,Major,71,67,93,18,0,7,25
Groundhog Day,Eminem,1,The Marshall Mathers LP2 (Expanded Edition),True,52,2023-11-03,,4.890383333333333,81,C#,Major,74,57,80,33,0,71,24
Beautiful Pain,"Eminem, Sia",2,The Marshall Mathers LP2 (Expanded Edition),True,55,2023-11-03,,4.417083333333333,165,B,Minor,68,43,83,4,0,14,42
Wicked Ways,Eminem,1,The Marshall Mathers LP2 (Expanded Edition),True,53,2023-11-03,,6.50925,137,F,Minor,71,14,79,5,0,61,42
Don't Front,"Eminem, Buckshot",2,The Marshall Mathers LP2 (Expanded Edition),True,61,2023-11-03,,4.741783333333333,91,A,Major,74,69,61,21,0,33,27
Survival - Instrumental,Eminem,1,The Marshall Mathers LP2 (Expanded Edition),False,50,2023-11-03,,4.538266666666667,176,G,Major,56,44,52,1,91,9,4
Berzerk - Instrumental,Eminem,1,The Marshall Mathers LP2 (Expanded Edition),False,47,2023-11-03,,3.966083333333333,95,G#,Major,86,34,55,1,10,25,12
The Monster - Instrumental,Eminem,1,The Marshall Mathers LP2 (Expanded Edition),False,67,2023-11-03,,4.1593333333333335,110,A,Major,71,41,68,1,69,5,4
Rap God - Instrumental,Eminem,1,The Marshall Mathers LP2 (Expanded Edition),False,49,2023-11-03,,6.10345,148,C,Minor,77,80,75,1,55,23,5
Headlights - Instrumental,Eminem,1,The Marshall Mathers LP2 (Expanded Edition),False,47,2023-11-03,,5.84345,146,B,Major,72,63,71,4,72,20,4
I Might Forgive,Jeezy,1,I Might Forgive... But I Don't Forget,True,59,2023-11-03,,3.1990166666666666,140,F,Major,68,39,59,3,0,12,5
My Name,Jeezy,1,I Might Forgive... But I Don't Forget,True,58,2023-11-03,,2.6060833333333333,140,F#,Major,71,74,81,6,0,10,20
No Complaining,Jeezy,1,I Might Forgive... But I Don't Forget,False,58,2023-11-03,,3.11015,139,D,Major,70,23,64,2,0,31,6
They Don't Love Me,Jeezy,1,I Might Forgive... But I Don't Forget,True,58,2023-11-03,,3.6723166666666667,136,G,Minor,65,46,63,14,0,34,10
Trust No One,Jeezy,1,I Might Forgive... But I Don't Forget,True,58,2023-11-03,,2.7493666666666665,76,G#,Minor,74,18,58,7,0,15,30
Sad,Jeezy,1,I Might Forgive... But I Don't Forget,True,57,2023-11-03,,2.6980166666666667,77,B,Major,69,27,65,3,0,47,6
Couldn't Lose If I Tried,Jeezy,1,I Might Forgive... But I Don't Forget,True,56,2023-11-03,,2.74275,100,G,Major,78,46,72,11,0,39,25
Rewrite History,Jeezy,1,I Might Forgive... But I Don't Forget,True,56,2023-11-03,,2.5225833333333334,103,C#,Major,85,46,66,8,0,11,7
Never Had A Bad Day In My Life,Jeezy,1,I Might Forgive... But I Don't Forget,True,56,2023-11-03,,2.8593166666666665,91,B,Minor,77,36,60,13,0,21,19
This Too Shall Pass,Jeezy,1,I Might Forgive... But I Don't Forget,True,55,2023-11-03,,2.302233333333333,105,C,Minor,79,55,55,25,0,23,9
Don't Deserve Me,Jeezy,1,I Might Forgive... But I Don't Forget,True,55,2023-11-03,,2.5681333333333334,88,A#,Minor,73,42,73,6,1,11,5
If I'm Being Honest,Jeezy,1,I Might Forgive... But I Don't Forget,True,56,2023-11-03,,2.3402666666666665,159,F#,Minor,70,45,67,4,0,17,11
Don't Cheat,Jeezy,1,I Might Forgive... But I Don't Forget,True,55,2023-11-03,,3.5535833333333335,80,E,Minor,72,35,63,37,0,11,26
Shine On Me,Jeezy,1,I Might Forgive... But I Don't Forget,True,57,2023-11-03,,2.64605,77,A#,Major,56,35,59,2,0,12,21
Keep The Change,Jeezy,1,I Might Forgive... But I Don't Forget,True,56,2023-11-03,,3.4781166666666667,83,G#,Minor,64,31,73,9,0,13,18
Delusional,Jeezy,1,I Might Forgive... But I Don't Forget,True,53,2023-11-03,,4.322,90,E,Major,50,23,54,5,0,26,6
Nothin to Prove,Jeezy,1,I Might Forgive... But I Don't Forget,True,57,2023-11-03,,2.6741333333333333,90,A#,Minor,75,40,76,6,0,15,11
Titanic,Jeezy,1,I Might Forgive... But I Don't Forget,True,55,2023-11-03,,2.7763666666666666,94,F,Minor,66,40,71,12,0,64,21
Everything About Me Is True,Jeezy,1,I Might Forgive... But I Don't Forget,True,54,2023-11-03,,2.7275666666666667,100,D,Major,73,11,72,8,1,20,5
Expectations,Jeezy,1,I Might Forgive... But I Don't Forget,True,54,2023-11-03,,2.6633166666666668,94,G#,Minor,74,35,72,30,0,12,45
Claim to Fame,Jeezy,1,I Might Forgive... But I Don't Forget,True,54,2023-11-03,,3.1250166666666668,87,C#,Major,52,17,82,21,0,25,15
What I Gotta Do,Jeezy,1,I Might Forgive... But I Don't Forget,True,54,2023-11-03,,3.460933333333333,88,F,Minor,42,12,53,4,0,32,10
My Intentions,Jeezy,1,I Might Forgive... But I Don't Forget,True,53,2023-11-03,,3.228,160,F#,Minor,53,18,66,2,0,6,23
Never Be a Fan,Jeezy,1,I Might Forgive... But I Don't Forget,True,53,2023-11-03,,3.0994333333333333,83,F#,Major,67,47,68,4,0,9,19
Sade,Jeezy,1,I Might Forgive... But I Don't Forget,True,53,2023-11-03,,2.9119166666666665,87,F#,Minor,71,67,77,11,0,57,25
Don't Let Up,Jeezy,1,I Might Forgive... But I Don't Forget,True,53,2023-11-03,,2.4156833333333334,94,C#,Major,77,49,72,19,1,34,8
Since Pac Died,Jeezy,1,I Might Forgive... But I Don't Forget,True,53,2023-11-03,,2.7065166666666665,167,F#,Minor,48,71,66,48,0,13,46
Free Champagne,Jeezy,1,I Might Forgive... But I Don't Forget,True,53,2023-11-03,,3.2340666666666666,175,G#,Major,62,25,62,4,1,14,16
No Choice,Jeezy,1,I Might Forgive... But I Don't Forget,True,53,2023-11-03,,4.498116666666666,160,F,Major,53,43,68,35,0,37,31
Another life (feat. Rema),"PinkPantheress, Rema",2,Heaven knows,False,68,2023-11-10,,2.86955,156,C,Minor,63,54,88,4,8,9,5
True romance,PinkPantheress,1,Heaven knows,False,66,2023-11-10,,2.2762166666666666,160,B,Minor,53,31,97,5,1,90,15
Mosquito,PinkPantheress,1,Heaven knows,False,66,2023-11-10,,2.437333333333333,162,B,Minor,71,56,90,9,12,19,12
The aisle,PinkPantheress,1,Heaven knows,False,66,2023-11-10,,2.7628833333333334,134,A#,Minor,79,75,73,9,2,11,8
Nice to meet you (feat. Central Cee),"PinkPantheress, Central Cee",2,Heaven knows,False,74,2023-11-10,,2.7068833333333333,148,A#,Minor,71,55,79,3,1,6,6
Bury me (feat. Kelela),"PinkPantheress, Kelela",2,Heaven knows,False,66,2023-11-10,,2.0768833333333334,77,E,Major,78,50,51,24,0,24,23
Internet baby (interlude),PinkPantheress,1,Heaven knows,False,65,2023-11-10,,2.1962166666666665,165,C#,Major,63,44,71,9,1,16,5
Ophelia,PinkPantheress,1,Heaven knows,False,64,2023-11-10,,2.5848833333333334,87,B,Major,67,40,81,85,1,10,8
Feel complete,PinkPantheress,1,Heaven knows,False,65,2023-11-10,,2.7186666666666666,98,B,Major,68,32,80,32,5,11,5
Blue,PinkPantheress,1,Heaven knows,False,64,2023-11-10,,3.021333333333333,124,B,Major,77,37,71,72,1,9,14
Feelings,PinkPantheress,1,Heaven knows,False,63,2023-11-10,,2.673783333333333,117,B,Major,76,46,64,25,1,27,5
Capable of love,PinkPantheress,1,Heaven knows,False,63,2023-11-10,,3.728,140,G,Major,59,28,59,52,1,10,4
Boy's a liar Pt. 2,"PinkPantheress, Ice Spice",2,Heaven knows,True,61,2023-11-10,,2.18355,132,F,Major,70,86,81,26,1,25,5
Tough Crowd,Jason Aldean,1,Highway Desperado,False,58,2023-11-03,,3.3366666666666664,133,D#,Major,49,25,97,2,1,37,7
Let Your Boys Be Country,Jason Aldean,1,Highway Desperado,False,58,2023-11-03,,3.2671166666666664,178,F,Major,38,59,75,35,1,10,4
Knew You'd Come Around,Jason Aldean,1,Highway Desperado,False,60,2023-11-03,,3.234,92,G#,Major,52,57,90,2,0,21,4
Hungover In A Hotel,Jason Aldean,1,Highway Desperado,False,58,2023-11-03,,3.40155,137,A,Major,47,41,82,8,1,10,4
Try That In A Small Town,Jason Aldean,1,Highway Desperado,True,60,2023-11-03,,3.000566666666667,145,C,Minor,46,34,87,5,1,11,6
Whiskey Drink,Jason Aldean,1,Highway Desperado,False,58,2023-11-03,,3.1733333333333333,90,C,Major,51,72,84,10,0,9,4
Whose Rearview,Jason Aldean,1,Highway Desperado,False,66,2023-11-03,,3.27955,96,G,Minor,54,58,89,15,1,15,4
I'm Over You,Jason Aldean,1,Highway Desperado,False,59,2023-11-03,,3.014883333333333,156,A,Major,29,40,70,41,0,9,6
Rather Watch You,Jason Aldean,1,Highway Desperado,False,58,2023-11-03,,3.550666666666667,141,D#,Major,52,39,78,22,0,12,4
Breakup Breakdown,Jason Aldean,1,Highway Desperado,False,58,2023-11-03,,3.01155,156,F#,Major,50,71,93,10,1,15,5
Get Away From You,Jason Aldean,1,Highway Desperado,False,58,2023-11-03,,3.33445,127,A#,Major,55,47,81,32,0,12,4
Changing Bars,Jason Aldean,1,Highway Desperado,False,57,2023-11-03,,3.41955,146,F#,Major,49,69,93,16,1,24,4
From This Beer On,Jason Aldean,1,Highway Desperado,False,57,2023-11-03,,3.1166666666666667,151,E,Major,46,41,86,25,0,9,4
Highway Desperado,Jason Aldean,1,Highway Desperado,False,59,2023-11-03,,4.41645,176,G#,Minor,37,45,98,7,1,12,9
SHAQ & KOBE,"Rick Ross, Meek Mill",2,Too Good To Be True,True,62,2023-11-10,,3.6602833333333336,173,A#,Minor,50,49,74,20,0,26,50
Star Island,"Rick Ross, Meek Mill",2,Too Good To Be True,True,63,2023-11-10,,2.2986833333333334,77,D,Major,67,41,78,4,0,25,27
Go To Hell,"Rick Ross, Meek Mill, Cool & Dre, BEAM",4,Too Good To Be True,True,63,2023-11-10,,3.6655166666666665,175,C,Major,39,29,90,15,0,41,50
800 Karats,"Rick Ross, Meek Mill",2,Too Good To Be True,True,63,2023-11-10,,2.0694,80,D,Major,72,28,74,5,0,10,20
Dead Last,"Rick Ross, Meek Mill, Vory, Fabolous",4,Too Good To Be True,True,62,2023-11-10,,4.277,90,C#,Minor,74,16,82,3,0,15,29
They Don't Really Love You,"Rick Ross, Meek Mill",2,Too Good To Be True,True,61,2023-11-10,,4.642166666666666,89,F,Minor,68,76,83,24,0,20,10
Million Dollar Trap,"Rick Ross, Meek Mill",2,Too Good To Be True,True,61,2023-11-10,,2.3949666666666665,157,D,Major,68,22,62,6,0,24,26
Grandiose,"Rick Ross, Meek Mill, Vory",3,Too Good To Be True,True,60,2023-11-10,,2.91245,139,D,Major,75,29,70,3,0,11,37
Above The Law,"Rick Ross, Meek Mill, Teyana Taylor, DJ Khaled",4,Too Good To Be True,True,61,2023-11-10,,3.5469166666666667,100,G,Major,67,41,88,2,0,13,5
Fine Lines,"Rick Ross, Meek Mill, Wale, The-Dream",4,Too Good To Be True,True,60,2023-11-10,,4.972183333333334,79,C#,Major,61,23,69,26,0,12,28
Gold Medals,"Rick Ross, Meek Mill, Jeremih",3,Too Good To Be True,True,59,2023-11-10,,4.4962333333333335,83,C,Major,62,31,68,16,0,11,6
Iconic,"Rick Ross, Meek Mill",2,Too Good To Be True,True,59,2023-11-10,,3.7497333333333334,159,G,Major,61,62,82,21,0,17,33
Lyrical Eazy,"Rick Ross, Meek Mill",2,Too Good To Be True,True,59,2023-11-10,,1.6829166666666666,88,C#,Major,72,21,68,1,0,11,33
Pillow Talk,"Rick Ross, Meek Mill",2,Too Good To Be True,True,59,2023-11-10,,2.7026166666666667,143,G#,Major,69,17,70,2,0,20,16
Millionaire Row,"Rick Ross, Meek Mill, French Montana",3,Too Good To Be True,True,58,2023-11-10,,2.7825166666666665,143,C#,Major,74,37,86,2,1,41,8
In Luv With The Money,"Rick Ross, Meek Mill, Future",3,Too Good To Be True,True,64,2023-11-10,,3.1514333333333333,141,B,Major,65,49,82,8,0,29,23
SHAQ & KOBE (Remix) ft. Shaquille O’Neal & Dame D.O.L.L.A.,"Rick Ross, Meek Mill, Shaquille O'Neal, Dame D.O.L.L.A",4,Too Good To Be True,True,55,2023-11-10,,6.88225,174,C#,Major,52,53,74,24,0,17,44
Kylie Grande,Kodak Black,1,When I Was Dead (Original Version),True,56,2023-11-10,,3.2,89,A#,Major,72,15,61,6,0,10,33
Close To Me,Kodak Black,1,When I Was Dead (Original Version),True,54,2023-11-10,,2.185583333333333,75,G#,Minor,60,33,50,16,0,14,35
I’m Kodak,Kodak Black,1,When I Was Dead (Original Version),True,54,2023-11-10,,2.1333333333333333,89,C#,Major,77,55,86,5,0,24,37
Hard Life,Kodak Black,1,When I Was Dead (Original Version),True,54,2023-11-10,,3.4715166666666666,138,F,Minor,78,47,55,13,0,12,30
Burning Rubber,Kodak Black,1,When I Was Dead (Original Version),True,52,2023-11-10,,2.72,99,F#,Minor,77,30,80,21,0,11,31
Lemme See,Kodak Black,1,When I Was Dead (Original Version),True,68,2023-11-10,,2.76275,95,F,Major,94,69,65,1,0,10,33
2'CY,Kodak Black,1,When I Was Dead (Original Version),True,52,2023-11-10,,2.9857,139,B,Minor,67,30,82,2,0,12,41
Nothing To Me,Kodak Black,1,When I Was Dead (Original Version),True,52,2023-11-10,,2.60465,171,E,Minor,72,33,78,9,0,11,31
Came Thru Flushin’,Kodak Black,1,When I Was Dead (Original Version),True,53,2023-11-10,,3.571083333333333,80,C#,Major,58,14,46,15,0,11,52
Eaze Your Mind,Kodak Black,1,When I Was Dead (Original Version),True,49,2023-11-10,,3.1994166666666666,171,F,Minor,48,50,63,1,0,10,29
Fuck You Too,Kodak Black,1,When I Was Dead (Original Version),True,51,2023-11-10,,3.44615,130,E,Minor,82,16,54,16,0,9,24
Colostomy (feat. WizDaWizard),"Kodak Black, WizDaWizard",2,When I Was Dead (Original Version),True,60,2023-11-10,,2.375,128,C#,Major,89,55,73,4,0,13,41
Extra Clips (feat. WizDaWizard & Wam SpinThaBin),"Kodak Black, WizDaWizard, Wam SpinThaBin",3,When I Was Dead (Original Version),True,50,2023-11-10,,3.9452,72,C#,Major,75,10,58,10,0,34,9
Scared Of My Money,Kodak Black,1,When I Was Dead (Original Version),True,50,2023-11-10,,2.2295166666666666,121,E,Minor,63,7,36,9,0,13,40
Right On Time,Kodak Black,1,When I Was Dead (Original Version),True,49,2023-11-10,,2.4461666666666666,157,C#,Major,77,46,55,1,0,12,36
Facetime Hiding,Kodak Black,1,When I Was Dead (Original Version),True,49,2023-11-10,,2.0769333333333333,131,D,Major,89,67,38,23,0,10,94
My Chest Out,Kodak Black,1,When I Was Dead (Original Version),True,49,2023-11-10,,2.35475,88,E,Minor,86,27,68,8,0,8,40
Master Peace (feat. OG Bobby Billions),"Kodak Black, OG Bobby Billions",2,When I Was Dead (Original Version),True,48,2023-11-10,,3.8353,113,D,Minor,50,24,59,7,1,13,30
Angel Numbers / Ten Toes,Chris Brown,1,11:11,False,53,2023-11-09,,5.114116666666667,157,E,Minor,41,10,51,21,0,18,5
Sensational (feat. Davido & Lojay),"Chris Brown, Davido, Lojay",3,11:11,False,51,2023-11-09,,3.8518166666666667,99,F#,Major,76,76,63,10,0,12,12
Press Me,Chris Brown,1,11:11,False,49,2023-11-09,,2.126933333333333,93,G,Minor,66,42,64,2,0,7,32
That's On You (feat. Future),"Chris Brown, Future",2,11:11,False,47,2023-11-09,,4.3853333333333335,176,F,Minor,40,57,69,20,0,11,18
Feel Something,Chris Brown,1,11:11,False,48,2023-11-09,,3.2006833333333335,119,G#,Major,65,18,52,2,0,12,4
Best Ever (feat. Maeta),"Chris Brown, Maeta",2,11:11,False,49,2023-11-09,,2.548566666666667,140,A,Minor,82,25,56,33,86,11,13
No One Else (feat. Fridayy),"Chris Brown, Fridayy",2,11:11,False,62,2023-11-09,,3.724683333333333,119,F#,Minor,70,29,80,6,1,13,5
Shooter,Chris Brown,1,11:11,False,48,2023-11-09,,3.510466666666667,110,A#,Minor,54,35,77,14,1,11,7
Nightmares (feat. Byron Messia),"Chris Brown, Byron Messia",2,11:11,False,46,2023-11-09,,2.5166166666666667,102,F#,Minor,79,31,48,33,0,10,19
Very Special,Chris Brown,1,11:11,False,45,2023-11-09,,3.5615666666666668,119,E,Minor,69,25,93,9,1,22,6
Messed Up,Chris Brown,1,11:11,False,45,2023-11-09,,2.8891666666666667,132,D#,Minor,49,20,57,4,0,12,6
Midnight Freak,Chris Brown,1,11:11,False,44,2023-11-09,,2.7291666666666665,99,F,Minor,68,61,60,11,0,11,9
Moonlight,Chris Brown,1,11:11,False,44,2023-11-09,,3.19065,77,F,Minor,46,59,77,6,0,17,8
Bouncing / G5,Chris Brown,1,11:11,False,47,2023-11-09,,2.94285,93,G#,Major,45,18,65,20,0,13,15
Make Up Your Mind,Chris Brown,1,11:11,False,44,2023-11-09,,2.5761,151,G#,Major,70,35,59,10,0,23,9
Stutter,Chris Brown,1,11:11,False,45,2023-11-09,,2.8583333333333334,90,F,Minor,68,50,63,5,0,11,5
Need A Friend,Chris Brown,1,11:11,False,43,2023-11-09,,3.2125,159,F,Minor,65,37,64,11,0,12,5
Summer Too Hot,Chris Brown,1,11:11,False,42,2023-11-09,,3.1292666666666666,90,B,Minor,71,29,65,24,1,21,6
Feelings Don't Lie,Chris Brown,1,11:11,False,42,2023-11-09,,2.3133,119,G,Minor,68,67,58,7,0,14,15
Red Flags,Chris Brown,1,11:11,False,42,2023-11-09,,2.8066666666666666,75,F,Minor,71,50,57,7,0,14,5
Closer,Chris Brown,1,11:11,False,42,2023-11-09,,2.1953833333333335,86,G,Major,48,21,64,5,0,12,15
Views,Chris Brown,1,11:11,False,42,2023-11-09,,2.50285,143,F,Major,71,43,54,5,0,16,8
Ain’t Nothing New,Tee Grizzley,1,Tee's Coney Island,True,58,2023-11-03,,2.360533333333333,189,F,Minor,62,51,73,44,0,17,47
Floaters,Tee Grizzley,1,Tee's Coney Island,True,55,2023-11-03,,1.8476166666666667,105,G,Major,86,74,81,13,0,12,22
Loop Hole (feat. 21 Savage),"Tee Grizzley, 21 Savage",2,Tee's Coney Island,True,67,2023-11-03,,2.5197,164,A,Major,75,50,55,1,1,34,35
City of God (feat. Chris Brown),"Tee Grizzley, Chris Brown",2,Tee's Coney Island,True,58,2023-11-03,,2.26,99,G,Minor,81,53,61,18,0,29,36
One of One,Tee Grizzley,1,Tee's Coney Island,True,54,2023-11-03,,2.2127666666666665,94,D,Major,81,32,69,6,0,7,29
The Sopranos (feat. Machine Gun Kelly),"Tee Grizzley, Machine Gun Kelly",2,Tee's Coney Island,True,65,2023-11-03,,3.20765,189,A#,Minor,66,36,81,16,0,12,29
Off the Top,Tee Grizzley,1,Tee's Coney Island,True,54,2023-11-03,,1.97115,103,B,Major,86,15,71,7,0,34,25
3 Sports,Tee Grizzley,1,Tee's Coney Island,True,53,2023-11-03,,2.05825,137,A#,Minor,67,17,65,2,1,12,46
Grizzley 2Tymes (feat. Finesse2Tymes),"Tee Grizzley, Finesse2tymes",2,Tee's Coney Island,True,57,2023-11-03,,2.7826166666666667,92,C#,Major,80,67,65,13,0,13,22
Fight This Case,Tee Grizzley,1,Tee's Coney Island,True,52,2023-11-03,,2.7052,173,A,Minor,64,44,64,16,1,22,12
IDGAF (feat. Chris Brown and Mariah the Scientist),"Tee Grizzley, Chris Brown, Mariah the Scientist",3,Tee's Coney Island,True,57,2023-11-03,,3.25,127,A#,Minor,69,29,74,2,0,13,6
Tried and Tried Again (feat. Cordae),"Tee Grizzley, Cordae",2,Tee's Coney Island,True,53,2023-11-03,,2.30435,90,G,Major,66,78,77,29,0,31,33
I Love Tee,Tee Grizzley,1,Tee's Coney Island,True,51,2023-11-03,,2.7549,102,C#,Major,81,25,66,7,1,38,7
Robbery 6,Tee Grizzley,1,Tee's Coney Island,True,54,2023-11-03,,5.04615,97,D,Major,73,46,80,12,0,22,17
Gorgeous Remix (feat. City Girls),"Tee Grizzley, Skilla Baby, City Girls",3,Tee's Coney Island,True,50,2023-11-03,,3.5744666666666665,93,D,Major,82,33,65,6,0,11,22
Charles Brown,Tee Grizzley,1,Tee's Coney Island,True,49,2023-11-03,,4.4973,184,C#,Major,59,30,46,56,1,13,40
broken smile - og version,Lil Peep,1,"Come Over When You're Sober, Pt. 2 (og version)",False,59,2023-11-10,,2.683333333333333,120,C,Minor,56,67,80,1,7,24,4
runaway - og version,Lil Peep,1,"Come Over When You're Sober, Pt. 2 (og version)",True,58,2023-11-10,,2.8333333333333335,79,C#,Minor,61,15,55,4,0,12,4
sex with my ex - og version,Lil Peep,1,"Come Over When You're Sober, Pt. 2 (og version)",True,58,2023-11-10,,2.1133333333333333,84,B,Major,61,24,67,1,0,10,3
cry alone - og version,Lil Peep,1,"Come Over When You're Sober, Pt. 2 (og version)",True,57,2023-11-10,,2.08045,159,C#,Major,58,65,86,9,0,15,4
leanin - og version,Lil Peep,1,"Come Over When You're Sober, Pt. 2 (og version)",True,57,2023-11-10,,2.2562166666666665,140,F,Major,44,36,71,23,0,12,5
sixteen lines - og version,Lil Peep,1,"Come Over When You're Sober, Pt. 2 (og version)",True,57,2023-11-10,,2.8493333333333335,106,C,Major,68,23,56,2,0,10,3
idgaf - og version,Lil Peep,1,"Come Over When You're Sober, Pt. 2 (og version)",True,56,2023-11-10,,2.87245,115,A,Minor,50,23,66,3,0,13,6
white girl - og version,Lil Peep,1,"Come Over When You're Sober, Pt. 2 (og version)",True,55,2023-11-10,,2.8946666666666667,110,D,Major,51,16,55,4,0,14,5
fingers - og version,Lil Peep,1,"Come Over When You're Sober, Pt. 2 (og version)",False,56,2023-11-10,,2.80155,133,C,Major,58,36,60,3,1,31,3
in the car,Lil Peep,1,"Come Over When You're Sober, Pt. 2 (og version)",True,63,2023-11-10,,2.156,149,B,Minor,32,37,50,1,1,7,6
Drama,aespa,1,Drama - The 4th Mini Album,False,82,2023-11-10,,3.582883333333333,131,F#,Minor,65,38,88,17,0,37,5
Trick or Trick,aespa,1,Drama - The 4th Mini Album,False,69,2023-11-10,,2.924,159,C#,Major,73,63,85,22,1,10,15
Don't Blink,aespa,1,Drama - The 4th Mini Album,False,68,2023-11-10,,2.816666666666667,93,E,Major,72,72,81,26,0,39,7
Hot Air Balloon,aespa,1,Drama - The 4th Mini Album,False,67,2023-11-10,,3.31155,118,A,Major,85,83,87,28,0,6,8
YOLO,aespa,1,Drama - The 4th Mini Album,False,66,2023-11-10,,3.1562166666666664,120,A#,Major,67,57,94,19,1,42,19
You,aespa,1,Drama - The 4th Mini Album,False,66,2023-11-10,,3.38845,185,E,Major,35,38,83,33,0,36,12
Better Things,aespa,1,Drama - The 4th Mini Album,False,63,2023-11-10,,3.3869333333333334,115,C,Major,79,55,77,11,1,50,6
Tempo,"Marshmello, Young Miko",2,Sugar Papi,True,59,2023-11-03,,1.79845,129,C#,Minor,91,72,68,21,1,11,7
Tusi,"Marshmello, LiL CaKe, Brray",3,Sugar Papi,True,56,2023-11-03,,2.6547666666666667,110,B,Minor,83,49,79,3,1,16,8
El Merengue,"Marshmello, Manuel Turizo",2,Sugar Papi,False,65,2023-11-03,,3.16115,123,G#,Minor,78,67,78,9,1,10,6
Como Yo :(,"Marshmello, Tiago PZK",2,Sugar Papi,False,52,2023-11-03,,2.3644333333333334,149,C#,Minor,76,68,58,29,1,21,7
Alcohol,"Marshmello, Anuel AA",2,Sugar Papi,True,70,2023-11-03,,2.8640166666666667,117,C#,Major,78,57,76,30,0,9,8
Esta Vida,"Marshmello, Farruko",2,Sugar Papi,False,53,2023-11-03,,3.4856,124,F,Major,76,48,68,4,1,21,4
Super High,"Marshmello, Polimá Westcoast",2,Sugar Papi,False,52,2023-11-03,,2.4918,121,A#,Minor,78,57,91,1,1,8,4
Say Woah!,"Marshmello, Nicky Jam",2,Sugar Papi,False,54,2023-11-03,,2.2938833333333335,113,G#,Major,75,51,64,9,1,14,5
Dónde Están Que No Los Veo,"Marshmello, ChocQuibTown",2,Sugar Papi,False,48,2023-11-03,,3.5599,125,B,Minor,86,55,86,1,1,7,6
Sou Musa do Verão,"Marshmello, Luísa Sonza",2,Sugar Papi,False,74,2023-11-03,,3.1192166666666665,127,A,Major,56,35,45,8,1,8,13
HARLEY QUINN,"Fuerza Regida, Marshmello",2,Sugar Papi,True,60,2023-11-03,,2.3887833333333335,125,F,Minor,80,64,77,7,1,27,12
HONEY (ARE U COMING?),Måneskin,1,RUSH! (ARE U COMING?),False,66,2023-11-10,,2.78795,139,G,Minor,48,38,94,1,1,16,8
VALENTINE,Måneskin,1,RUSH! (ARE U COMING?),False,75,2023-11-10,,3.616633333333333,94,D,Minor,48,22,72,1,1,13,3
OFF MY FACE,Måneskin,1,RUSH! (ARE U COMING?),False,69,2023-11-10,,2.49725,119,B,Minor,80,87,81,1,0,36,7
THE DRIVER,Måneskin,1,RUSH! (ARE U COMING?),False,69,2023-11-10,,3.1356,139,A,Minor,33,34,83,1,0,31,9
TRASTEVERE,Måneskin,1,RUSH! (ARE U COMING?),False,68,2023-11-10,,3.0383666666666667,100,B,Minor,61,47,55,61,0,18,3
OWN MY MIND,Måneskin,1,RUSH! (ARE U COMING?),False,63,2023-11-10,,3.1976,114,C#,Minor,69,69,76,1,1,5,3
GOSSIP (feat. Tom Morello),"Måneskin, Tom Morello",2,RUSH! (ARE U COMING?),True,62,2023-11-10,,2.804666666666667,139,A,Major,71,92,83,1,0,10,7
TIMEZONE,Måneskin,1,RUSH! (ARE U COMING?),True,62,2023-11-10,,2.99385,84,E,Major,48,27,59,1,0,7,4
BLA BLA BLA,Måneskin,1,RUSH! (ARE U COMING?),True,61,2023-11-10,,3.0776666666666666,147,D,Major,74,88,73,2,0,16,8
BABY SAID,Måneskin,1,RUSH! (ARE U COMING?),False,61,2023-11-10,,2.7447,131,F#,Minor,63,60,72,1,0,8,4
GASOLINE,Måneskin,1,RUSH! (ARE U COMING?),False,61,2023-11-10,,3.6843666666666666,128,F,Minor,57,36,70,1,5,11,7
FEEL,Måneskin,1,RUSH! (ARE U COMING?),True,59,2023-11-10,,2.7995,124,A,Major,63,58,66,1,1,8,10
DON'T WANNA SLEEP,Måneskin,1,RUSH! (ARE U COMING?),False,59,2023-11-10,,2.60095,134,D,Major,53,77,92,1,1,35,6
KOOL KIDS,Måneskin,1,RUSH! (ARE U COMING?),True,58,2023-11-10,,2.7196166666666666,154,C#,Major,49,29,81,1,1,15,9
IF NOT FOR YOU,Måneskin,1,RUSH! (ARE U COMING?),False,58,2023-11-10,,3.247916666666667,138,A,Major,52,30,44,59,1,10,3
READ YOUR DIARY,Måneskin,1,RUSH! (ARE U COMING?),False,58,2023-11-10,,2.5116,131,G,Major,55,69,86,1,1,8,6
MARK CHAPMAN,Måneskin,1,RUSH! (ARE U COMING?),False,58,2023-11-10,,3.6694666666666667,172,E,Minor,45,24,97,1,0,43,7
LA FINE,Måneskin,1,RUSH! (ARE U COMING?),False,57,2023-11-10,,3.3430833333333334,112,D,Major,51,58,99,1,0,21,10
IL DONO DELLA VITA,Måneskin,1,RUSH! (ARE U COMING?),False,56,2023-11-10,,3.7460333333333335,101,G,Minor,30,31,78,1,2,13,3
MAMMAMIA,Måneskin,1,RUSH! (ARE U COMING?),True,56,2023-11-10,,3.1134833333333334,142,C#,Minor,77,80,68,1,0,10,7
SUPERMODEL,Måneskin,1,RUSH! (ARE U COMING?),False,56,2023-11-10,,2.4677333333333333,120,G,Major,64,81,88,1,0,12,6
THE LONELIEST,Måneskin,1,RUSH! (ARE U COMING?),False,57,2023-11-10,,4.117783333333334,129,D,Major,52,22,60,1,0,8,3
Chill Kill,Red Velvet,1,Chill Kill - The 3rd Album,False,67,2023-11-13,,3.58,148,C,Major,54,44,75,6,0,25,10
Knock Knock (Who's There?),Red Velvet,1,Chill Kill - The 3rd Album,False,63,2023-11-13,,3.3553333333333333,147,G#,Minor,62,63,80,35,0,36,11
Underwater,Red Velvet,1,Chill Kill - The 3rd Album,False,63,2023-11-13,,3.422,135,B,Major,59,42,71,29,0,14,11
Will I Ever See You Again?,Red Velvet,1,Chill Kill - The 3rd Album,False,62,2023-11-13,,3.187333333333333,95,G,Major,37,48,78,3,1,16,5
Nightmare,Red Velvet,1,Chill Kill - The 3rd Album,False,60,2023-11-13,,3.42155,162,A#,Minor,47,33,69,25,0,12,5
Iced Coffee,Red Velvet,1,Chill Kill - The 3rd Album,False,60,2023-11-13,,3.30645,206,A#,Major,31,28,60,33,0,8,4
One Kiss,Red Velvet,1,Chill Kill - The 3rd Album,False,60,2023-11-13,,3.32955,180,A,Minor,64,68,83,47,1,17,13
Bulldozer,Red Velvet,1,Chill Kill - The 3rd Album,False,59,2023-11-13,,2.67955,152,F#,Major,74,57,79,6,1,35,8
Wings,Red Velvet,1,Chill Kill - The 3rd Album,False,58,2023-11-13,,3.73155,170,D,Major,56,44,72,50,0,7,6
Scenery,Red Velvet,1,Chill Kill - The 3rd Album,False,57,2023-11-13,,3.4917833333333332,143,D,Major,55,22,48,56,0,13,4
Clocked In,"Larry June, Cardo",2,The Night Shift,True,55,2023-11-10,,3.4536,86,B,Minor,54,48,45,26,1,37,30
Chops on the Blade,"Larry June, Cardo",2,The Night Shift,True,54,2023-11-10,,3.6072,90,B,Minor,78,22,49,11,3,20,27
Ocean Cuisine,"Larry June, Cardo, 2 Chainz",3,The Night Shift,True,54,2023-11-10,,3.4076,155,E,Minor,36,47,72,1,1,28,9
Love of Money,"Larry June, Cardo",2,The Night Shift,True,60,2023-11-10,,2.8008,150,G,Major,70,51,73,1,0,17,24
Sweet Lady,"Larry June, Cardo, DeJ Loaf",3,The Night Shift,True,53,2023-11-10,,4.294,78,A#,Minor,71,82,50,14,1,19,19
Pop Out (feat. ScHoolboy Q),"Larry June, Cardo, ScHoolboy Q",3,The Night Shift,True,55,2023-11-10,,3.0024,91,F#,Major,78,75,40,57,1,12,23
The Great Escape,"Larry June, Cardo, The Alchemist",3,The Night Shift,True,54,2023-11-10,,2.7528,149,F,Minor,62,59,58,4,1,40,36
Glasshouse Knockin',"Larry June, Cardo",2,The Night Shift,True,53,2023-11-10,,2.4428,171,D,Major,65,51,49,9,1,30,34
Without You (Blxst Interlude),"Larry June, Cardo, Blxst",3,The Night Shift,True,52,2023-11-10,,2.742,87,D,Major,59,10,54,3,1,15,5
GRGP,"Larry June, Cardo, Too $hort, Peezy",4,The Night Shift,True,52,2023-11-10,,3.8728,92,F#,Minor,75,51,51,20,0,50,41
Stickin' and Movin',"Larry June, Cardo",2,The Night Shift,True,51,2023-11-10,,2.6676,97,G#,Minor,85,66,77,1,1,18,25
Won't Wait,"Larry June, Cardo, Jordan Ward",3,The Night Shift,True,52,2023-11-10,,2.9428,78,F#,Minor,51,28,56,13,0,17,26
Let Me Know,"Larry June, Cardo",2,The Night Shift,True,51,2023-11-10,,2.8716,81,G,Minor,55,52,76,27,0,22,39
Made A Way,"Larry June, Cardo, Payroll Giovanni",3,The Night Shift,True,51,2023-11-10,,2.984,88,C#,Major,74,43,49,18,1,30,20
Road Runnin',"Larry June, Cardo",2,The Night Shift,True,50,2023-11-10,,3.0664,83,D,Major,73,37,41,13,1,22,29
Big Fish,"Larry June, Cardo, Alemán",3,The Night Shift,True,51,2023-11-10,,2.7516,96,E,Minor,76,11,53,9,47,15,13
The Good Kind,"Larry June, Cardo",2,The Night Shift,True,49,2023-11-10,,3.1684,91,A,Minor,75,40,60,39,0,9,22
Heaven,Niall Horan,1,The Show: The Encore,False,50,2023-11-03,,3.1007166666666666,91,F,Major,58,68,78,8,0,33,3
If You Leave Me,Niall Horan,1,The Show: The Encore,False,50,2023-11-03,,2.98405,163,C#,Major,65,89,84,1,1,6,18
Meltdown,Niall Horan,1,The Show: The Encore,False,49,2023-11-03,,2.5506333333333333,89,E,Major,60,77,87,1,0,35,7
Never Grow Up,Niall Horan,1,The Show: The Encore,False,49,2023-11-03,,3.4887166666666665,148,G,Major,58,57,84,7,1,13,8
The Show,Niall Horan,1,The Show: The Encore,False,49,2023-11-03,,3.1868,135,C,Major,42,10,56,39,0,23,4
You Could Start A Cult,Niall Horan,1,The Show: The Encore,False,48,2023-11-03,,3.3416166666666665,82,C,Major,37,29,20,93,1,12,4
Save My Life,Niall Horan,1,The Show: The Encore,False,48,2023-11-03,,2.955433333333333,155,A,Major,46,55,90,3,1,37,6
On A Night Like Tonight,Niall Horan,1,The Show: The Encore,False,47,2023-11-03,,3.125566666666667,81,D,Major,42,37,75,19,1,11,4
Science,Niall Horan,1,The Show: The Encore,False,48,2023-11-03,,2.7535666666666665,100,A#,Major,42,27,26,83,1,11,3
Must Be Love,Niall Horan,1,The Show: The Encore,False,48,2023-11-03,,3.1601333333333335,84,C,Major,58,56,87,2,0,20,6
You Could Start A Cult (with Lizzy McAlpine),"Niall Horan, Lizzy McAlpine",2,The Show: The Encore,False,61,2023-11-03,,3.2478333333333333,167,C,Major,42,29,25,93,1,13,4
The Show (with John Legend),"Niall Horan, John Legend",2,The Show: The Encore,False,61,2023-11-03,,3.1868,135,C,Major,37,14,62,42,0,21,4
Heaven - Live From Electric Picnic,Niall Horan,1,The Show: The Encore,False,50,2023-11-03,,3.1940166666666667,92,E,Major,49,35,88,1,0,92,5
If You Leave Me / Everybody Wants To Rule The World - Live From Electric Picnic,Niall Horan,1,The Show: The Encore,False,55,2023-11-03,,5.296866666666666,111,C#,Major,37,31,85,2,0,84,7
Meltdown - Stripped,Niall Horan,1,The Show: The Encore,False,52,2023-11-03,,3.7397666666666667,75,B,Major,52,32,36,80,0,21,3
Save My Life - Live from Electric Picnic,Niall Horan,1,The Show: The Encore,False,49,2023-11-03,,3.1391,154,F#,Minor,33,48,93,4,0,67,8
On A Night Like Tonight - Live,Niall Horan,1,The Show: The Encore,False,48,2023-11-03,,3.6381833333333335,81,D,Major,25,28,57,32,1,62,3
Science - Live From Spotify Studios,Niall Horan,1,The Show: The Encore,False,50,2023-11-03,,2.94105,97,A#,Major,59,39,8,96,0,74,4
Something In The Orange - Live From Spotify Studios,Niall Horan,1,The Show: The Encore,False,63,2023-11-03,,4.0354,112,G,Major,48,25,30,78,1,73,3
DYTA MAY,El Alfa,1,EL REY DEL DEMBOW,False,61,2023-11-10,,3.2014666666666667,170,A#,Minor,68,26,78,3,1,19,11
AQUI TA SMOKE,"El Alfa, Pop Smoke, Junior H",3,EL REY DEL DEMBOW,False,65,2023-11-10,,2.9,120,G#,Major,66,77,76,18,1,36,32
COMUN BURRO,"El Alfa, Rick Ross",2,EL REY DEL DEMBOW,False,60,2023-11-10,,2.7950833333333334,121,F,Minor,90,75,82,5,3,11,12
LOS PANAS,"El Alfa, BeezyRD",2,EL REY DEL DEMBOW,False,60,2023-11-10,,2.76785,112,F#,Major,86,69,80,61,1,8,19
PLEBADA,"El Alfa, Peso Pluma",2,EL REY DEL DEMBOW,False,54,2023-11-10,,3.69565,115,A,Major,85,77,98,29,1,35,8
MARTILLANDO,"El Alfa, Noriel",2,EL REY DEL DEMBOW,False,57,2023-11-10,,3.39285,112,C#,Major,90,18,73,5,7,11,17
QUE LA LAMBAN,"El Alfa, Bryant Myers, Noriel",3,EL REY DEL DEMBOW,False,59,2023-11-10,,4.016916666666667,132,F,Minor,88,42,75,12,0,11,6
APUESTA A MI,El Alfa,1,EL REY DEL DEMBOW,False,55,2023-11-10,,3.4671333333333334,120,A#,Minor,86,34,93,22,9,20,8
EL SAFARI Y LOS TETEOS,"El Alfa, De La Ghetto, Dowba Montana",3,EL REY DEL DEMBOW,False,55,2023-11-10,,3.3498666666666668,116,B,Major,86,75,89,47,1,11,10
YOU THE VIBE,"El Alfa, A$AP Ferg",2,EL REY DEL DEMBOW,False,54,2023-11-10,,3.3314666666666666,89,G#,Major,92,34,74,3,1,18,10
TRAKA,"El Alfa, Tito Double P",2,EL REY DEL DEMBOW,False,57,2023-11-10,,2.1791666666666667,120,F,Minor,96,96,87,13,1,8,10
DOGGY DOGGY,"El Alfa, Braulio Fogon",2,EL REY DEL DEMBOW,False,50,2023-11-10,,4.147833333333334,114,C#,Major,95,87,92,9,1,21,14
TE LLENASTE,"El Alfa, Yomel El Meloso, El Fother",3,EL REY DEL DEMBOW,False,47,2023-11-10,,3.681033333333333,116,B,Major,88,89,91,20,1,23,6
EL DUEÑO DE LO CROKY,"El Alfa, Yaisel LM, Chael Produciendo",3,EL REY DEL DEMBOW,False,47,2023-11-10,,3.045166666666667,119,B,Major,72,47,85,14,1,34,39
MOLI,"El Alfa, Papa Jeison",2,EL REY DEL DEMBOW,False,46,2023-11-10,,3.0084666666666666,118,E,Major,96,85,94,66,1,8,21
RULAY & PICA POLLO,"El Alfa, EL PERROTE WZ, Wander Love",3,EL REY DEL DEMBOW,False,46,2023-11-10,,4.396183333333333,118,F#,Major,90,91,88,6,1,90,15
PALETA PA TO EL MUNDO,"El Alfa, Wisin, YOVNGCHIMI",3,EL REY DEL DEMBOW,False,48,2023-11-10,,4.046616666666667,118,C#,Major,91,88,98,37,4,81,8
LA GRINGA,"El Alfa, Yandel, Duki, Lil Jon, El Cherry Scom, Polimá Westcoast",6,EL REY DEL DEMBOW,True,48,2023-11-10,,6.275,115,C,Minor,90,29,87,2,1,26,6
RICO FEO,"El Alfa, Flow 28, Polojoa",3,EL REY DEL DEMBOW,False,45,2023-11-10,,3.98795,112,F#,Minor,92,78,91,22,1,56,21
TEKIRIKI,"El Alfa, Chael Produciendo",2,EL REY DEL DEMBOW,False,44,2023-11-10,,3.0215833333333335,109,F#,Major,92,43,90,14,1,10,13
Tough Crowd,Jason Aldean,1,Highway Desperado,False,23,2023-11-03,,3.3437833333333336,134,D#,Major,49,26,97,2,1,37,7
Let Your Boys Be Country,Jason Aldean,1,Highway Desperado,False,24,2023-11-03,,3.2671166666666664,178,F,Major,38,57,75,35,1,10,4
Knew You’d Come Around,Jason Aldean,1,Highway Desperado,False,23,2023-11-03,,3.234,92,G#,Major,52,56,90,2,0,21,4
Hungover In A Hotel,Jason Aldean,1,Highway Desperado,False,22,2023-11-03,,3.40155,138,A,Major,47,39,83,7,1,10,4
Try That In A Small Town,Jason Aldean,1,Highway Desperado,True,23,2023-11-03,,3.026666666666667,145,C,Minor,46,38,87,6,1,11,6
Whiskey Drink,Jason Aldean,1,Highway Desperado,False,22,2023-11-03,,3.1733333333333333,89,C,Major,51,69,84,10,0,9,4
Whose Rearview,Jason Aldean,1,Highway Desperado,False,25,2023-11-03,,3.27955,96,G,Minor,54,55,88,16,1,15,4
I’m Over You,Jason Aldean,1,Highway Desperado,False,22,2023-11-03,,3.014883333333333,156,A,Major,29,40,70,42,0,10,6
Rather Watch You,Jason Aldean,1,Highway Desperado,False,21,2023-11-03,,3.550666666666667,141,D#,Major,51,38,77,22,0,12,4
Breakup Breakdown,Jason Aldean,1,Highway Desperado,False,21,2023-11-03,,3.01155,156,F#,Major,50,71,93,10,1,15,5
Get Away From You,Jason Aldean,1,Highway Desperado,False,21,2023-11-03,,3.33445,127,A#,Major,56,47,81,32,0,12,4
Changing Bars,Jason Aldean,1,Highway Desperado,False,20,2023-11-03,,3.41955,145,F#,Major,49,71,93,16,1,23,4
From This Beer On,Jason Aldean,1,Highway Desperado,False,20,2023-11-03,,3.1166666666666667,151,E,Major,46,39,86,24,0,9,4
Highway Desperado,Jason Aldean,1,Highway Desperado,False,27,2023-11-03,,4.41645,176,G#,Minor,38,44,98,8,1,12,10
I Might Forgive,Jeezy,1,I Might Forgive,True,48,2023-11-02,,3.1990166666666666,140,F,Major,68,39,59,3,0,12,5
My Name,Jeezy,1,I Might Forgive,True,47,2023-11-02,,2.6060833333333333,140,F#,Major,71,74,81,6,0,10,20
No Complaining,Jeezy,1,I Might Forgive,False,56,2023-11-02,,3.11015,139,D,Major,70,23,64,2,0,31,6
They Don't Love Me,Jeezy,1,I Might Forgive,True,44,2023-11-02,,3.6723166666666667,136,G,Minor,65,46,63,14,0,34,10
Trust No One,Jeezy,1,I Might Forgive,True,48,2023-11-02,,2.7493666666666665,76,G#,Minor,74,18,58,7,0,15,30
Sad,Jeezy,1,I Might Forgive,True,43,2023-11-02,,2.6980166666666667,77,B,Major,69,27,65,3,0,47,6
Couldn't Lose If I Tried,Jeezy,1,I Might Forgive,True,42,2023-11-02,,2.74275,100,G,Major,78,46,72,11,0,39,25
Rewrite History,Jeezy,1,I Might Forgive,True,41,2023-11-02,,2.5225833333333334,103,C#,Major,85,46,66,8,0,11,7
Never Had A Bad Day In My Life,Jeezy,1,I Might Forgive,True,41,2023-11-02,,2.8593166666666665,91,B,Minor,77,36,60,13,0,21,19
This Too Shall Pass,Jeezy,1,I Might Forgive,True,41,2023-11-02,,2.302233333333333,105,C,Minor,79,55,55,25,0,23,9
Don't Deserve Me,Jeezy,1,I Might Forgive,True,41,2023-11-02,,2.5681333333333334,88,A#,Minor,73,42,73,6,1,11,5
If I'm Being Honest,Jeezy,1,I Might Forgive,True,44,2023-11-02,,2.3402666666666665,159,F#,Minor,70,45,67,4,0,17,11
Don't Cheat,Jeezy,1,I Might Forgive,True,40,2023-11-02,,3.5535833333333335,80,E,Minor,72,35,63,37,0,11,26
Shine On Me,Jeezy,1,I Might Forgive,True,43,2023-11-02,,2.64605,77,A#,Major,56,35,59,2,0,12,21
Keep The Change,Jeezy,1,I Might Forgive,True,40,2023-11-02,,3.4781166666666667,83,G#,Minor,64,31,73,9,0,13,18
Ain’t Nothing New,Tee Grizzley,1,Tee’s Coney Island (Deluxe),True,48,2023-11-07,,2.360533333333333,189,F,Minor,62,51,73,44,0,17,47
Floaters,Tee Grizzley,1,Tee’s Coney Island (Deluxe),True,46,2023-11-07,,1.8476166666666667,105,G,Major,86,74,81,13,0,12,22
Loop Hole (feat. 21 Savage),"Tee Grizzley, 21 Savage",2,Tee’s Coney Island (Deluxe),True,49,2023-11-07,,2.5197,164,A,Major,75,50,55,1,1,34,35
City of God (feat. Chris Brown),"Tee Grizzley, Chris Brown",2,Tee’s Coney Island (Deluxe),True,43,2023-11-07,,2.26,99,G,Minor,81,53,61,18,0,29,36
One of One,Tee Grizzley,1,Tee’s Coney Island (Deluxe),True,44,2023-11-07,,2.2127666666666665,94,D,Major,81,32,69,6,0,7,29
The Sopranos (feat. Machine Gun Kelly),"Tee Grizzley, Machine Gun Kelly",2,Tee’s Coney Island (Deluxe),True,49,2023-11-07,,3.20765,189,A#,Minor,66,36,81,16,0,12,29
Off the Top,Tee Grizzley,1,Tee’s Coney Island (Deluxe),True,44,2023-11-07,,1.97115,103,B,Major,86,15,71,7,0,34,25
3 Sports,Tee Grizzley,1,Tee’s Coney Island (Deluxe),True,43,2023-11-07,,2.05825,137,A#,Minor,67,17,65,2,1,12,46
Grizzley 2Tymes (feat. Finesse2Tymes),"Tee Grizzley, Finesse2tymes",2,Tee’s Coney Island (Deluxe),True,43,2023-11-07,,2.7826166666666667,92,C#,Major,80,67,65,13,0,13,22
Fight This Case,Tee Grizzley,1,Tee’s Coney Island (Deluxe),True,41,2023-11-07,,2.7052,173,A,Minor,64,44,64,16,1,22,12
IDGAF (feat. Chris Brown and Mariah the Scientist),"Tee Grizzley, Chris Brown, Mariah the Scientist",3,Tee’s Coney Island (Deluxe),True,39,2023-11-07,,3.25,127,A#,Minor,69,29,74,2,0,13,6
Tried and Tried Again (feat. Cordae),"Tee Grizzley, Cordae",2,Tee’s Coney Island (Deluxe),True,45,2023-11-07,,2.30435,90,G,Major,66,78,77,29,0,31,33
I Love Tee,Tee Grizzley,1,Tee’s Coney Island (Deluxe),True,40,2023-11-07,,2.7549,102,C#,Major,81,25,66,7,1,38,7
Robbery 6,Tee Grizzley,1,Tee’s Coney Island (Deluxe),True,42,2023-11-07,,5.04615,97,D,Major,73,46,80,12,0,22,17
Gorgeous Remix (feat. City Girls),"Tee Grizzley, Skilla Baby, City Girls",3,Tee’s Coney Island (Deluxe),True,38,2023-11-07,,3.5744666666666665,93,D,Major,82,33,65,6,0,11,22
Charles Brown,Tee Grizzley,1,Tee’s Coney Island (Deluxe),True,38,2023-11-07,,4.4973,184,C#,Major,59,30,46,56,1,13,40
What’s That? (feat. PnB Rock),"Tee Grizzley, PnB Rock",2,Tee’s Coney Island (Deluxe),True,52,2023-11-07,,2.5635666666666665,185,C,Major,76,64,71,22,0,9,37
Walked Down (feat. Lil Yachty),"Tee Grizzley, Lil Yachty",2,Tee’s Coney Island (Deluxe),True,45,2023-11-07,,2.24285,99,A#,Minor,80,26,77,18,0,23,8
Green Text (feat. Kash Doll),"Tee Grizzley, Kash Doll",2,Tee’s Coney Island (Deluxe),True,40,2023-11-07,,2.3995,99,C#,Major,80,43,64,41,0,9,27
Tried and Tried Again Remix (feat. Mozzy & Cordae),"Tee Grizzley, Mozzy, Cordae",3,Tee’s Coney Island (Deluxe),True,42,2023-11-07,,2.656,184,G,Major,66,77,74,32,0,20,39
Maybe Man,AJR,1,The Maybe Man,False,53,2023-11-10,,3.6682166666666665,132,E,Major,45,42,48,59,0,35,5
Touchy Feely Fool,AJR,1,The Maybe Man,False,51,2023-11-10,,3.5833333333333335,81,D,Major,52,59,75,16,0,32,8
Yes I'm A Mess,AJR,1,The Maybe Man,False,49,2023-11-10,,2.74955,91,D,Minor,73,40,64,3,0,11,8
The Dumb Song,AJR,1,The Maybe Man,False,48,2023-11-10,,3.7657833333333333,170,C,Major,50,73,75,6,1,40,6
Inertia,AJR,1,The Maybe Man,False,50,2023-11-10,,3.6822166666666667,175,C#,Major,45,68,59,4,0,36,5
Turning Out Pt. iii,AJR,1,The Maybe Man,False,48,2023-11-10,,3.8497833333333333,101,C,Major,64,42,38,71,0,17,3
Hole in the Bottom of My Brain,AJR,1,The Maybe Man,False,48,2023-11-10,,3.13155,123,E,Major,75,69,60,6,0,33,6
The DJ is Crying for Help,AJR,1,The Maybe Man,False,46,2023-11-10,,3.6586666666666665,145,D,Major,55,38,68,5,1,11,6
I Won't,AJR,1,The Maybe Man,False,45,2023-11-10,,2.8071166666666665,80,F,Major,49,45,74,2,0,37,10
Steve’s Going to London,AJR,1,The Maybe Man,False,48,2023-11-10,,4.7957833333333335,81,B,Major,44,45,70,7,0,22,22
God is Really Real,AJR,1,The Maybe Man,False,44,2023-11-10,,2.98445,134,F,Major,71,60,32,59,0,14,5
2085,AJR,1,The Maybe Man,False,47,2023-11-10,,5.525783333333333,132,A,Major,41,23,51,42,0,31,4
Welcome to Walkerworld,Alan Walker,1,Walkerworld,False,60,2023-11-10,,2.7775,127,B,Minor,53,12,81,5,19,11,4
Heart over Mind,"Alan Walker, Daya",2,Walkerworld,False,69,2023-11-10,,3.159466666666667,116,E,Minor,61,38,73,1,1,16,3
Spectre 2.0,"Alan Walker, Steve Aoki, Lonely Club",3,Walkerworld,False,62,2023-11-10,,2.943,173,A,Minor,44,55,61,4,1,69,24
"Better Off (Alone, Pt. III)","Alan Walker, Dash Berlin, Vikkstar",3,Walkerworld,False,62,2023-11-10,,2.528383333333333,129,A,Minor,51,38,70,4,0,16,5
Endless Summer,"Alan Walker, Zak Abel",2,Walkerworld,True,58,2023-11-10,,3.11735,124,F#,Major,59,39,81,1,0,7,5
Hero,"Alan Walker, Sasha Alex Sloan",2,Walkerworld,False,0,2023-11-10,,2.9211833333333335,126,F,Major,60,8,74,3,1,22,3
Born to Ride,"Alan Walker, Sophie Stray",2,Walkerworld,False,57,2023-11-10,,2.7282166666666665,160,C#,Minor,62,39,72,6,1,33,24
Yesterday,"Alan Walker, Ali Gatie",2,Walkerworld,False,58,2023-11-10,,2.6849666666666665,106,A#,Minor,63,52,69,13,0,29,3
Land Of The Heroes,"Alan Walker, Sophie Stray",2,Walkerworld,False,0,2023-11-10,,2.9346666666666668,127,B,Minor,50,23,84,3,3,7,6
Darkride,Alan Walker,1,Walkerworld,False,55,2023-11-10,,1.8802,127,D,Minor,67,35,55,10,97,10,3
